{"cameraMode":{"drawMode":0,"name":"Shaded","section":"Shading Mode"},"sceneLighting":false,"audioPlay":false,"sceneViewState":{"showFog":true,"showMaterialUpdate":false,"showSkybox":false,"showFlares":true,"showImageEffects":true,"showParticleSystems":true},"in2DMode":false,"pivot":{"x":-13.888631820678711,"y":2.4370906352996828,"z":0.03786659240722656},"rotation":{"x":-0.084139384329319,"y":0.04093972221016884,"z":-0.0034613481257110836,"w":-0.9956174492835999},"size":13.635787010192871,"orthographic":false}