{"cameraMode":{"drawMode":0,"name":"Shaded","section":"Shading Mode"},"sceneLighting":false,"audioPlay":false,"sceneViewState":{"showFog":true,"showMaterialUpdate":false,"showSkybox":false,"showFlares":true,"showImageEffects":true,"showParticleSystems":true},"in2DMode":false,"pivot":{"x":-5.713811874389648,"y":-0.04633188247680664,"z":0.0008192062377929688},"rotation":{"x":-0.19405297935009004,"y":0.013828253373503685,"z":-0.0027375028003007175,"w":-0.9809010624885559},"size":13.635786056518555,"orthographic":false}