{"cameraMode":{"drawMode":0,"name":"Shaded","section":"Shading Mode"},"sceneLighting":true,"audioPlay":false,"sceneViewState":{"showFog":true,"showMaterialUpdate":false,"showSkybox":true,"showFlares":true,"showImageEffects":true,"showParticleSystems":true},"in2DMode":false,"pivot":{"x":132.75921630859376,"y":3.7765045166015627,"z":-211.04983520507813},"rotation":{"x":0.021853236481547357,"y":0.7494685649871826,"z":-0.6613215208053589,"w":0.024728434160351754},"size":154.92343139648438,"orthographic":false}