{"cameraMode":{"drawMode":0,"name":"Shaded","section":"Shading Mode"},"sceneLighting":false,"audioPlay":false,"sceneViewState":{"showFog":true,"showMaterialUpdate":false,"showSkybox":false,"showFlares":true,"showImageEffects":true,"showParticleSystems":true},"in2DMode":false,"pivot":{"x":-0.00020551681518554688,"y":0.5343246459960938,"z":-0.001553267240524292},"rotation":{"x":-0.19405297935009004,"y":0.013828253373503685,"z":-0.0027375028003007175,"w":-0.9809010624885559},"size":2.4111859798431398,"orthographic":false}