{"cameraMode":{"drawMode":0,"name":"Shaded","section":"Shading Mode"},"sceneLighting":false,"audioPlay":false,"sceneViewState":{"showFog":true,"showMaterialUpdate":false,"showSkybox":false,"showFlares":true,"showImageEffects":true,"showParticleSystems":true},"in2DMode":false,"pivot":{"x":7.108253479003906,"y":29.04292106628418,"z":45.827857971191409},"rotation":{"x":-0.13452400267124177,"y":-0.5781091451644898,"z":0.09732810407876969,"w":-0.7989087700843811},"size":1.0402010679244996,"orthographic":false}