{"cameraMode":{"drawMode":0,"name":"Shaded","section":"Shading Mode"},"sceneLighting":false,"audioPlay":false,"sceneViewState":{"showFog":true,"showMaterialUpdate":false,"showSkybox":false,"showFlares":true,"showImageEffects":true,"showParticleSystems":true},"in2DMode":false,"pivot":{"x":-0.45368725061416628,"y":0.2065589278936386,"z":-0.002092268317937851},"rotation":{"x":-0.090602807700634,"y":-0.8069961667060852,"z":0.1284157931804657,"w":-0.569317102432251},"size":1.1780905723571778,"orthographic":false}