{"cameraMode":{"drawMode":0,"name":"Shaded","section":"Shading Mode"},"sceneLighting":true,"audioPlay":false,"sceneViewState":{"showFog":true,"showMaterialUpdate":false,"showSkybox":true,"showFlares":true,"showImageEffects":true,"showParticleSystems":true},"in2DMode":false,"pivot":{"x":0.18474307656288148,"y":1.2302818298339844,"z":-0.13624942302703858},"rotation":{"x":-0.011369368061423302,"y":-0.9294237494468689,"z":0.36778971552848818,"w":-0.028720058500766755},"size":11.089461326599121,"orthographic":false}