{"cameraMode":{"drawMode":0,"name":"Shaded","section":"Shading Mode"},"sceneLighting":false,"audioPlay":false,"sceneViewState":{"showFog":true,"showMaterialUpdate":false,"showSkybox":true,"showFlares":true,"showImageEffects":true,"showParticleSystems":true},"in2DMode":false,"pivot":{"x":66.36155700683594,"y":2.9237074851989748,"z":-126.62152862548828},"rotation":{"x":-0.31430381536483767,"y":-0.034590695053339007,"z":0.010883422568440438,"w":-0.9489877223968506},"size":16.732624053955079,"orthographic":false}