{"cameraMode":{"drawMode":0,"name":"Shaded","section":"Shading Mode"},"sceneLighting":false,"audioPlay":false,"sceneViewState":{"showFog":true,"showMaterialUpdate":false,"showSkybox":true,"showFlares":true,"showImageEffects":true,"showParticleSystems":true},"in2DMode":false,"pivot":{"x":157.81996154785157,"y":18.609169006347658,"z":-171.157470703125},"rotation":{"x":-0.2331797182559967,"y":0.7488060593605042,"z":-0.33058926463127139,"w":-0.5254024863243103},"size":155.50755310058595,"orthographic":false}