{"cameraMode":{"drawMode":0,"name":"Shaded","section":"Shading Mode"},"sceneLighting":false,"audioPlay":false,"sceneViewState":{"showFog":true,"showMaterialUpdate":false,"showSkybox":true,"showFlares":true,"showImageEffects":true,"showParticleSystems":true},"in2DMode":false,"pivot":{"x":95.33614349365235,"y":-2.906482696533203,"z":-161.56549072265626},"rotation":{"x":0.5313876271247864,"y":0.4373816251754761,"z":-0.3790122866630554,"w":0.619468092918396},"size":149.9683837890625,"orthographic":true}