{"cameraMode":{"drawMode":0,"name":"Shaded","section":"Shading Mode"},"sceneLighting":false,"audioPlay":false,"sceneViewState":{"showFog":true,"showMaterialUpdate":false,"showSkybox":true,"showFlares":true,"showImageEffects":true,"showParticleSystems":true},"in2DMode":false,"pivot":{"x":87.62887573242188,"y":9.766929626464844,"z":-176.9522247314453},"rotation":{"x":0.2851583957672119,"y":-0.29390281438827517,"z":0.0909755751490593,"w":0.9080525636672974},"size":236.77749633789063,"orthographic":false}