{"cameraMode":{"drawMode":0,"name":"Shaded","section":"Shading Mode"},"sceneLighting":false,"audioPlay":false,"sceneViewState":{"showFog":true,"showMaterialUpdate":false,"showSkybox":true,"showFlares":true,"showImageEffects":true,"showParticleSystems":true},"in2DMode":false,"pivot":{"x":149.3231658935547,"y":109.19893646240235,"z":-202.69215393066407},"rotation":{"x":-0.30871954560279848,"y":0.3378821015357971,"z":-0.1182900071144104,"w":-0.8813744187355042},"size":198.90562438964845,"orthographic":true}