{"cameraMode":{"drawMode":0,"name":"Shaded","section":"Shading Mode"},"sceneLighting":false,"audioPlay":false,"sceneViewState":{"showFog":true,"showMaterialUpdate":false,"showSkybox":false,"showFlares":true,"showImageEffects":true,"showParticleSystems":true},"in2DMode":false,"pivot":{"x":-0.1433987319469452,"y":0.25,"z":0.07561871409416199},"rotation":{"x":-0.3234265446662903,"y":-0.5196148157119751,"z":0.22333644330501557,"w":-0.7590900659561157},"size":0.5743708610534668,"orthographic":false}