{"cameraMode":{"drawMode":0,"name":"Shaded","section":"Shading Mode"},"sceneLighting":false,"audioPlay":false,"sceneViewState":{"showFog":true,"showMaterialUpdate":false,"showSkybox":true,"showFlares":true,"showImageEffects":true,"showParticleSystems":true},"in2DMode":false,"pivot":{"x":133.69029235839845,"y":18.912500381469728,"z":-123.84291076660156},"rotation":{"x":0.05637804791331291,"y":0.8914319276809692,"z":-0.4345751404762268,"w":0.11562743782997132},"size":48.22380447387695,"orthographic":true}