{"cameraMode":{"drawMode":0,"name":"Shaded","section":"Shading Mode"},"sceneLighting":false,"audioPlay":false,"sceneViewState":{"showFog":true,"showMaterialUpdate":false,"showSkybox":false,"showFlares":true,"showImageEffects":true,"showParticleSystems":true},"in2DMode":false,"pivot":{"x":-13.914793014526368,"y":19.829132080078126,"z":100.83450317382813},"rotation":{"x":0.28396856784820559,"y":0.653311550617218,"z":-0.29033827781677248,"w":0.6389611959457398},"size":4.138158798217773,"orthographic":true}