{"cameraMode":{"drawMode":0,"name":"Shaded","section":"Shading Mode"},"sceneLighting":false,"audioPlay":false,"sceneViewState":{"showFog":true,"showMaterialUpdate":false,"showSkybox":false,"showFlares":true,"showImageEffects":true,"showParticleSystems":true},"in2DMode":false,"pivot":{"x":-1.6643002033233643,"y":-0.006038188934326172,"z":9.5367431640625e-7},"rotation":{"x":0.13994425535202027,"y":0.8608962297439575,"z":-0.3362763524055481,"w":0.3567684292793274},"size":4.138318061828613,"orthographic":false}