{"cameraMode":{"drawMode":0,"name":"Shaded","section":"Shading Mode"},"sceneLighting":false,"audioPlay":false,"sceneViewState":{"showFog":true,"showMaterialUpdate":false,"showSkybox":true,"showFlares":true,"showImageEffects":true,"showParticleSystems":true},"in2DMode":false,"pivot":{"x":107.05511474609375,"y":100.43653869628906,"z":-238.74916076660157},"rotation":{"x":0.20208804309368134,"y":-0.649810254573822,"z":0.18558506667613984,"w":0.7095655798912048},"size":105.26463317871094,"orthographic":false}